DS1-E-0001	fad66b76-2650-46cd-b20a-4bdd24868c7c	0
DS1-E-0006	2d9992eb-bdff-4f43-a0fc-7ee95e2f4557	0
DS1-E-0006	66fbaf89-077e-4759-aaae-dfb53fbb2d7e	0
DS1-E-0007	53c79e55-d00e-437a-8d5f-d68dfecbdfce	0
DS1-E-0010	049c3ab1-20d3-4f28-8a83-2fc582a969bb	0
DS1-E-0010	809dcb0c-df78-48ef-9861-543e93382272	0
DS1-E-0011	6bbe3ab7-f5e8-48e7-bbe3-c4738fa58b6f	0
DS1-E-0012	07c5c6cb-6b13-4f37-97a0-6494c752b4a3	0
DS1-E-0012	0bdde0b3-fb4b-4875-8701-d0bbdde54be7	0
DS1-E-0012	653c38b3-d7cb-4f9f-bc08-ab1bdffb48b3	0
DS1-E-0012	6d9e02aa-575a-4420-aa6a-9f5efa40ef17	0
DS1-E-0012	7fde23f8-fa54-4797-9368-47a5843c3b0b	0
DS1-E-0012	8126d56f-68b3-4428-baf3-1ad7dde634ac	0
DS1-E-0012	9ba561ed-62c5-4b38-b345-865d02b32483	0
DS1-E-0012	b1894b98-3ba1-44e7-a5e2-9785ab6083df	0
DS1-E-0013	b166fdb9-ab9f-4d58-bd35-dabbed7f68c2	0
DS1-E-0014	03c90e3c-b72a-4b4f-af40-f8dba944e4a5	0
DS1-E-0014	f4b63a66-9484-46cf-a7e2-4fd91c2b58b8	2
DS1-E-0017	2a8924c8-da95-4bf4-9ab3-75a4b9f94325	0
DS1-E-0017	4666fbaa-81bf-4cf5-80b0-43ac744df53f	0
DS1-E-0017	7a320de2-2d47-4da4-b2cf-b38b82a708bd	0
DS1-E-0019	4a8da215-7ab7-4a29-aa61-ae384455ae60	2
DS1-E-0019	c58e7557-940c-42ac-b7c9-9d3cad29d4d2	2
DS1-E-0021	06a779d3-45ab-40c5-b2c8-e645b800c0d4	0
DS1-E-0022	6b4b42fe-49c2-406b-bd7d-9fbc21317f6a	0
DS1-E-0022	8ab8a0ea-e757-417b-b2c9-f1a5e2870c92	0
DS1-E-0022	b4e1d1df-f626-4dcd-ade3-90e2b5f64bbe	0
DS1-E-0022	e8ce0497-1970-4301-add9-ca1ac474a3c8	0
DS1-E-0022	ec904e34-9470-43be-8c3a-7de173d14951	0
DS1-E-0023	0367f4ee-c807-4a50-8291-e156fe486eda	0
DS1-E-0023	1cf3c635-944f-4e7d-b679-5929733a0504	0
DS1-E-0023	4d3a8ef7-7d92-4bc0-9b6e-b583106964cb	0
DS1-E-0023	74562f12-25dd-4eb5-ac6a-dfa05ca37683	0
DS1-E-0023	95013192-ea20-471a-a513-10ce66688af6	0
DS1-E-0023	aba1ab51-4127-4a45-be81-11ea1af931ac	0
DS1-E-0023	c9ed9ba2-2f54-4c2e-8398-c846ebb1529c	0
DS1-E-0023	cb73a024-06f4-4d34-b5a2-bd26e5409a4b	0
DS1-E-0023	d4bd3602-b291-4cc8-a78d-2440719b4aeb	0
DS1-E-0023	e6f1a4c5-bce3-4d49-9461-550020a22ed7	0
DS1-E-0024	00c11eff-b625-45b1-a4ae-1a2c405f461a	0
DS1-E-0024	0eee9f6f-4b22-4962-b3d4-83670966005d	0
DS1-E-0024	3d579621-5aee-4e4f-9c59-c003f72d97fd	0
DS1-E-0024	5600a1b5-d702-4b8c-90fa-b63c7d031301	0
DS1-E-0025	96950ad0-3a8d-4c70-9357-b22f5c86764f	0
DS1-E-0025	d2028acb-2a1f-4a1e-a5eb-b7e72634a2bc	0
DS1-E-0026	a81d620b-2fef-41ac-bbe1-ca04e273dadd	0
DS1-E-0026	b77ec32f-6a8f-4954-a5fa-e07454d560d2	0
DS1-E-0027	09efa6f2-3b56-40fe-8c76-0d92d93f3324	0
DS1-E-0027	394fbd6f-7810-4660-8f88-67d1d47a97d6	0
DS1-E-0027	80808f3a-0782-4501-814e-d3efacdc4911	0
DS1-E-0031	473d29cc-56dc-4e79-acf6-566963366846	0
DS1-E-0031	fbd9d82f-3019-4546-9234-e8ee4a6118fe	0
DS1-E-0032	07a9ad8b-bc5a-493c-98bc-4eed463bf6c4	2
DS1-E-0032	8ed15e06-3fa1-45ce-a724-412e46548e3c	2
DS1-E-0033	1ca1f66c-e614-4a7c-8501-86bd2eacc671	0
DS1-E-0033	34526f15-c08a-43e1-8303-6ef136d719f8	0
DS1-E-0033	60b8937f-bb32-4a8b-9c40-0474a68ecab0	0
DS1-E-0033	ef3f3c87-5759-425c-9489-3c0313930472	0
DS1-E-0034	00c1c3e2-c45e-44ab-b57d-ff6d8784ce25	0
DS1-E-0034	094949f2-6bd6-4640-a93d-7c0bf8c53b97	0
DS1-E-0034	0b55d373-d60e-4a17-8580-0ac0924cd9c6	0
DS1-E-0034	169b3e0c-16da-4bec-873d-44d338d32f39	0
DS1-E-0034	1b717303-9460-49b9-8461-ebfe56834a92	0
DS1-E-0034	25fb035c-b5e6-47c6-a009-7adfff797669	0
DS1-E-0034	29acfbec-c3e2-4da1-be44-d1b6a0be9c0c	0
DS1-E-0034	3a175e67-7c62-4d73-a651-4c92ab5dcdea	0
DS1-E-0034	5ebc1649-6efc-4c61-afa8-0b8fb4daa457	0
DS1-E-0034	71784c7c-f415-46e0-a41f-ebb91912bc80	0
DS1-E-0034	7b4e84ff-0aef-4c16-8070-4b0a9ba3644b	0
DS1-E-0034	7bfa94b1-18c2-4081-a319-5c1333cc0b16	0
DS1-E-0034	8ce7caae-6e15-43a5-99c0-e514fe89c921	0
DS1-E-0034	aa93d4e0-aa13-4624-b62b-178d7646c0a3	0
DS1-E-0034	be168ca7-07d5-4795-ae62-6c8e8c4a1cde	0
DS1-E-0034	c5a48971-c088-422e-9127-4a22d877fd38	0
DS1-E-0034	c837e913-8e58-456b-b7c4-dfa24ae4197c	0
DS1-E-0034	d11ba3bb-9023-44d1-b573-3aa9bd09d615	0
DS1-E-0034	d13800a0-3ba1-4475-86b7-e2e6fb756ff3	0
DS1-E-0034	dc7ebe27-cf79-4587-a711-8042d2fdf3fc	0
DS1-E-0034	ec408890-81b7-4505-9e5e-5e05f6cb49df	0
DS1-E-0034	f211c601-083d-401a-baea-126e1027ea83	0
DS1-E-0034	f359e457-7d8c-46ee-876a-abb5340e1168	0
DS1-E-0035	0ef63813-5893-4ccb-929a-2f883cafe64f	0
DS1-E-0035	16e45bf8-ff5d-4b02-ac88-eb359d143b88	0
DS1-E-0035	49099623-fe75-43d7-91d8-d14311ce5469	0
DS1-E-0035	4e3eedf6-33b7-4c5d-b3e2-5ed7f9e674e3	0
DS1-E-0035	69e98a12-9b85-491f-bf5f-b0b65d17c6e8	0
DS1-E-0035	80651f4f-5aaa-4a92-95a6-4cc453234087	0
DS1-E-0035	98012138-47b1-429f-a696-07aa1c437f80	0
DS1-E-0035	cb43d05c-1cb3-4bbf-98b1-c59b14e9da9d	0
DS1-E-0035	dc888159-1392-4edf-a3b7-dd4d3186d010	0
DS1-E-0035	f7c0baa6-905c-487e-a0ac-697dfd06adad	0
DS1-E-0036	8e23ebd9-7e3a-40b7-8b96-56328216b81e	0
DS1-E-0036	c261f3df-798a-41b4-becf-9a3b61a0fb48	0
DS1-E-0038	0ea900e3-7a9a-4017-b9d1-8c70bd294891	0
DS1-E-0038	2f9d2e50-ce23-403b-a883-e5cb5ac70c1c	0
DS1-E-0038	31874dbc-cefc-4b50-9991-32597008cf5a	0
DS1-E-0038	42ae32c0-fd2c-4050-9449-9ef248224458	0
DS1-E-0038	7c5c5e6b-3fdf-4925-b055-3e2eaab1a14d	0
DS1-E-0038	8d16718f-d6ce-44a1-927d-ee5e96536e91	0
DS1-E-0038	c375b9a9-5c4f-438a-b42d-ff1f62b47df9	0
DS1-E-0038	d3d0e535-9414-4d7c-b43c-976af4157c93	0
DS1-E-0038	da687cca-3a5e-402c-8657-1c70fefe7322	0
DS1-E-0041	0ea900e3-7a9a-4017-b9d1-8c70bd294891	0
DS1-E-0041	2221d3ed-0120-41c1-8a94-15a03226ec4b	0
DS1-E-0041	2f9d2e50-ce23-403b-a883-e5cb5ac70c1c	0
DS1-E-0041	31874dbc-cefc-4b50-9991-32597008cf5a	0
DS1-E-0041	7c5c5e6b-3fdf-4925-b055-3e2eaab1a14d	0
DS1-E-0041	8d16718f-d6ce-44a1-927d-ee5e96536e91	0
DS1-E-0041	bba63f19-a726-4342-bf32-410d10375284	0
DS1-E-0041	d3d0e535-9414-4d7c-b43c-976af4157c93	0
DS1-E-0041	da687cca-3a5e-402c-8657-1c70fefe7322	0
DS1-E-0042	05f019e6-48a1-4e87-9c5e-61e920db2fb2	0
DS1-E-0042	0dba6048-2c29-497a-92cc-384ce493f7f6	0
DS1-E-0042	19520ee6-8bdc-487b-a21f-9c1ee9dd8e87	0
DS1-E-0042	1eeb26c6-dbc5-4e2a-abbc-d7d4fa4e21be	0
DS1-E-0042	25705126-70a9-467b-8949-89b502a1c110	0
DS1-E-0042	4bafa3fa-3a9b-45f7-96e9-b1340dd0dc51	0
DS1-E-0042	7fd16551-7401-4639-8b45-46f54f0dd9a3	0
DS1-E-0042	8e7bc5ef-5486-43b7-b03e-930c5cadb792	0
DS1-E-0042	9eafecaa-2c0d-4831-aba0-ad1f760bb3b1	0
DS1-E-0042	b9933e28-f54d-4e59-832b-a14a7a92954a	0
DS1-E-0042	ca9f7f1a-7ebe-4d8a-be8f-d5a666acba79	0
DS1-E-0043	60f47029-07aa-44bc-b014-e82ad2b6913f	0
DS1-E-0044	23b7c2d2-d381-4848-bfa8-64fab09389a4	0
DS1-E-0044	487db23e-5079-4e69-91ba-17de5ccd71f8	0
DS1-E-0044	86c3af69-9051-4c6a-aa04-cf3a04dddb5c	0
DS1-E-0044	a2f61077-dd3b-4f79-a998-c51d0cf6fe8e	0
DS1-E-0045	693144a8-e5b2-40fa-835e-23d8410d3e07	0
DS1-E-0046	0eb2b9a2-1448-4f8e-b9ae-46f9c64a6f0c	0
DS1-E-0046	1d198621-f7d1-452a-b53d-ed3209d48fe2	0
DS1-E-0046	5a0511eb-be09-44ef-b1af-a0f869f5b154	0
DS1-E-0046	5ac8e020-0a12-45dd-9691-19b1f6278db8	0
DS1-E-0046	74b0cfec-2ef5-49b6-87a3-f7a3a49a42e7	0
DS1-E-0046	8a537d36-747b-4502-b60d-3b4b67fc8bcb	0
DS1-E-0046	9e1a66a8-e55e-4a7f-8cdb-d0b2bc9c1cf6	0
DS1-E-0046	a829fb88-7189-4502-a553-736adfff595a	0
DS1-E-0046	de43c534-0528-40d8-bebf-beedbed87cc8	0
DS1-E-0046	fd5f7d61-5b02-4920-a2b9-e0ad1529c5a0	0
DS1-E-0046	ffe30b8b-3f99-4182-b97b-ea6d14818098	0
DS1-E-0047	26900551-b858-420e-bc9f-aa4c111a73c3	0
DS1-E-0047	353e8c74-48e7-46f8-8951-3292d58f925f	0
DS1-E-0047	4c8328a1-7417-430c-9cec-3a146958c191	0
DS1-E-0047	4e3eedf6-33b7-4c5d-b3e2-5ed7f9e674e3	0
DS1-E-0047	cc0cbb0f-bb78-41c5-bbc2-7949251c694b	0
DS1-E-0048	294341a6-e138-4673-9063-b2c4e8bfbabd	0
DS1-E-0048	95e25944-e122-47ab-9400-19d7157a69d3	0
DS1-E-0048	a66386ba-a7de-42a4-8c5d-5f1a195d04bb	0
DS1-E-0049	29a1785b-2db6-4646-bdd6-09279b48a25f	0
DS1-E-0050	0d17e4c1-ad79-4462-b8c9-ffb385b77c23	0
DS1-E-0050	52121966-2a15-4c90-834a-7038467e1a67	0
DS1-E-0050	669e3c84-8e61-4a46-b29b-82caf3000b83	0
DS1-E-0050	a0d11a03-5bb0-41bd-8d1b-c6fe13af9b02	0
DS1-E-0051	23f06c37-3879-45d7-853a-b2152ad776e4	0
DS1-E-0051	64b08ccb-2e6f-4b6b-8b51-30d03c12b60d	0
DS1-E-0051	78ec6ab1-5acc-45d3-9800-73e636c90f6b	0
DS1-E-0051	a53a6659-027b-4a41-a408-58ae1647d454	0
DS1-E-0052	4f11b1d7-d623-4222-9e41-3dc806894b4b	0
DS1-E-0053	0370c7da-351d-4290-ab45-50bd89e4c1c8	0
DS1-E-0053	43f89282-5c25-434d-8347-44dc0cc914d5	0
DS1-E-0053	aacad23f-3428-496f-ad47-0ddceda54636	0
DS1-E-0054	0c4888bf-4e8d-4e86-b774-0afda835bb86	2
DS1-E-0056	0ea80f0f-dd80-4ec3-991b-5ff55c471621	0
DS1-E-0056	309b679a-cce5-4475-81a3-712e4241de03	0
DS1-E-0056	4fc57579-53f9-41a0-9e38-a7262c3ff914	0
DS1-E-0056	87564090-1be7-4523-926b-3b26481ff9b3	0
DS1-E-0056	9289e2bf-9021-4f71-859a-0df85d6b2350	0
DS1-E-0056	bfea27d9-7172-44c6-946b-131b7efa0c55	0
DS1-E-0056	da95263e-6d61-456c-ba4f-72bc71ee5fbc	0
DS1-E-0056	f36a7c58-a3bf-4d4c-9478-922f53622a80	0
DS1-E-0057	55fb3b5e-2bd1-4ea4-adab-c39151bf0e6a	0
DS1-E-0059	0f6a1a35-c040-4a56-90f5-b498fd1e8dec	0
DS1-E-0059	38710288-b92d-4bb0-9591-0fdc261e0c76	0
DS1-E-0059	42fb50c9-2665-4c22-992f-63e99fe1a4c2	0
DS1-E-0059	43b63146-9908-4fc8-add0-e889047e94cb	0
DS1-E-0059	51e5861b-063e-4e6e-aca6-767604d22893	0
DS1-E-0059	85d5bbba-9f28-4fb2-9a23-d31459a4af7c	0
DS1-E-0059	98dd0856-c944-46d6-9ffb-c641e908c3e5	0
DS1-E-0059	996e8fb6-bcfe-45a7-9b2d-43b8bc214490	0
DS1-E-0059	b37638d6-3c97-48b6-af6d-91d8cbda31ca	0
DS1-E-0060	265f278e-6df8-4f1a-a225-d03f956d869e	0
DS1-E-0060	31e40530-8c36-46b9-8c78-3d2b8efd0355	0
DS1-E-0060	36ebdbf1-d95d-4239-afc1-44bcd5ca3157	0
DS1-E-0060	ab0804a4-a049-48c1-b98a-ac2018de26c3	0
DS1-E-0062	4c26e425-49ba-404c-9af6-ed3762c49bd1	0
DS1-E-0062	6f61cf1a-ec44-49a3-8e00-c6123d7389ee	0
DS1-E-0062	80808f3a-0782-4501-814e-d3efacdc4911	0
DS1-E-0062	8bbe676a-2486-4bd3-99c5-af98ee238f88	0
DS1-E-0062	8d16718f-d6ce-44a1-927d-ee5e96536e91	0
DS1-E-0062	b7a5e157-d35a-40bf-b481-1fd378cca838	0
DS1-E-0062	caa41b8f-2542-4f8e-a917-ebb6e24e1d43	0
DS1-E-0062	cc0cbb0f-bb78-41c5-bbc2-7949251c694b	0
DS1-E-0062	e36710a5-ba40-48b6-ab9d-a23465819eeb	0
DS1-E-0062	edf9ae12-56f2-4b95-b7bd-75cb3da6f76b	0
DS1-E-0063	88983d6d-2bfa-4e04-aed8-4d18be4cac36	0
DS1-E-0063	9571372c-e5df-469d-b7f5-6c5bf3896e4f	0
DS1-E-0063	99cc60cb-e268-46ab-a74a-a54e4a999cd7	0
DS1-E-0064	4de9797a-aadc-487b-b634-f648a26c0c5b	0
DS1-E-0064	6bc15606-a807-4540-8b1c-a6e5cbf69bda	0
DS1-E-0064	e90003f1-bac1-433b-ac1e-94bac0d2a94b	0
DS1-E-0064	ebe9a657-1f73-4f04-86e4-089f4c2420a9	0
DS1-E-0064	fda9d974-f058-488b-bd8b-e8170d2a1cc4	0
DS1-E-0065	73f6f06a-4656-4b65-b36a-3cf045e511c7	0
DS1-E-0067	72f86c87-89a0-4d2f-ab66-e96c9f02e95a	2
DS1-E-0068	041eef95-1820-4136-b59b-aa3230032fb9	0
DS1-E-0068	05f019e6-48a1-4e87-9c5e-61e920db2fb2	0
DS1-E-0068	0dba6048-2c29-497a-92cc-384ce493f7f6	0
DS1-E-0068	4a7744ee-d7e3-4567-a4a6-754590bd2f59	0
DS1-E-0068	51a3dcae-9165-4d56-aded-cce737fe8c33	0
DS1-E-0068	68716c38-4a06-4c73-8a23-83be35e9ca25	0
DS1-E-0068	bb9ff67b-cf10-4ad6-8948-f99e7449e2a4	0
DS1-E-0068	c294a7c6-0568-43b2-a21d-5bae1310d48c	0
DS1-E-0069	03beae5a-9ed5-4e3b-abd0-4355ceeaf53c	0
DS1-E-0069	3e746746-4d69-40a3-bddc-3bb8d9f3f766	0
DS1-E-0069	a7a2827d-7a78-4d1d-ab85-0ffdf255b81b	0
DS1-E-0070	bda86e3c-115b-4c71-a246-3663dce616c4	0
DS1-E-0070	f359e457-7d8c-46ee-876a-abb5340e1168	0
DS1-E-0070	fda9d974-f058-488b-bd8b-e8170d2a1cc4	0
DS1-E-0071	6f61cf1a-ec44-49a3-8e00-c6123d7389ee	0
DS1-E-0071	f359e457-7d8c-46ee-876a-abb5340e1168	0
DS1-E-0072	26900551-b858-420e-bc9f-aa4c111a73c3	0
DS1-E-0072	3ef5594b-f9a8-4469-8e17-2ba3a6cfbbdf	2
DS1-E-0072	9d6ab46b-a315-4d41-8cd6-a76fe1f55a53	0
DS1-E-0072	d19db412-ec44-427d-a67b-968425f1cf2d	0
DS1-E-0072	eeab6b8a-6689-484f-b27f-c9cd2b0fbb36	0
DS1-E-0072	f1a4d2fc-7b7b-420e-a93b-75281a572113	0
DS1-E-0073	24df03f9-41d8-432e-8bfc-314f029ef32e	0
DS1-E-0073	578177eb-5b7a-4415-bb2e-18d36a557a49	0
DS1-E-0073	a78412b2-0c57-44b4-8deb-1d923a07f6b3	0
DS1-E-0074	077e3800-466b-45cc-8414-dbc720beaf5f	0
DS1-E-0074	0bdde0b3-fb4b-4875-8701-d0bbdde54be7	0
DS1-E-0074	1044e60a-d0a7-4647-ba7a-a2a8a75c53cc	0
DS1-E-0074	309b679a-cce5-4475-81a3-712e4241de03	0
DS1-E-0074	3919ed23-6b3a-45cb-b083-22b28882d71e	0
DS1-E-0074	58f18baf-8a91-46e9-82c8-334413debcb8	0
DS1-E-0074	64640465-41b3-4fc9-9ea7-5f8fc9b1468a	0
DS1-E-0074	a96c736e-0cd4-4b94-bdc8-7e885b61825b	0
DS1-E-0074	b0c1d191-0016-46e2-a56b-8a6a9611d581	0
DS1-E-0074	b2d364cf-a265-4447-99b4-f8d515200423	0
DS1-E-0074	c28a5bd6-5930-4a53-8398-ca1096c9c614	0
DS1-E-0074	c339f9c5-e148-474e-b0c5-f120da34d1e0	0
DS1-E-0074	c8b18eda-4b84-4789-9f04-021358a446a4	0
DS1-E-0074	f3d22ae6-ca3e-44f0-a089-5ebc25c560d7	0
DS1-E-0075	89b910d4-0bfd-46b0-90cc-0c0c8a9fe03a	0
DS1-E-0076	1059d067-ceb0-4b26-acd1-06dc79dc7adb	0
DS1-E-0076	3dda07a5-fbc6-4e08-b79d-535d466d9d24	0
DS1-E-0076	65f333dc-ea84-4ab1-ae9d-03c4694354d5	0
DS1-E-0076	7ef2f540-ef73-4f12-80df-b76a4a713661	0
DS1-E-0076	b28ef07c-aecb-4047-a177-276e16d9b426	0
DS1-E-0076	c8400d2c-da25-4f41-9c44-cc40056e7443	0
DS1-E-0076	f359e457-7d8c-46ee-876a-abb5340e1168	0
DS1-E-0077	305447ab-418f-423f-a0ea-3748f25369e9	0
DS1-E-0077	4390538d-a871-4187-99d8-348736cac6d8	0
DS1-E-0077	670a2d30-6db3-4e28-ba65-ed9226a97b2b	0
DS1-E-0077	85892328-dc29-4d86-aa60-f79d405f4375	0
DS1-E-0077	88930c75-289f-4fe4-a60c-5ec6420770fd	0
DS1-E-0080	54fb431a-6bfe-4cbf-8edf-c729eb3f6bb1	0
DS1-E-0080	bf47c3b3-2d1a-45e2-ba9f-251acf1ac2ea	2
DS1-E-0082	6ce0c6d1-5e6f-453e-856b-c1dd4c734095	0
DS1-E-0083	2ebec97e-d7c2-4ed1-8987-52bc34aeb1b7	0
DS1-E-0083	45bdf39d-cf6d-43d0-bc15-0a808d872601	0
DS1-E-0083	59195903-e028-4280-8177-fc792d6e719a	0
DS1-E-0083	8a7efb20-a580-4777-930d-6ead7fac2849	0
DS1-E-0083	c55d7752-5410-462d-97d2-d8163856b1b7	0
DS1-E-0083	fddf958d-7b30-47ab-8212-d6589969fa74	0
DS1-E-0084	11d72dfd-9f8b-4a3c-bae3-aab1b302ead4	0
DS1-E-0084	3742ddea-9489-48b9-a021-14fca9c305b5	0
DS1-E-0084	394fbd6f-7810-4660-8f88-67d1d47a97d6	0
DS1-E-0084	3dfddfc4-4121-4409-b733-ed7efdbf86c6	0
DS1-E-0084	6cf37ecd-3a75-48f9-b34e-f18cd70db62e	0
DS1-E-0084	c55d7752-5410-462d-97d2-d8163856b1b7	0
DS1-E-0084	c852d78f-df7e-4156-a44b-4ea964fe6f3e	0
DS1-E-0084	cabb855b-ec0b-4cad-809f-ed7b096326d2	0
DS1-E-0084	cc1cae1a-6838-486d-aaae-c930abb8bc6b	0
DS1-E-0084	e1fd0fe1-272e-42a4-8fba-ade5e2add8ed	0
DS1-E-0085	18a5664d-3e82-4274-a5c8-43c1062d0ab1	2
DS1-E-0085	360b2475-6c4f-49d8-a866-f94599745c2f	2
DS1-E-0085	68c0729f-8e2f-4d27-8fa0-daddde62688c	2
DS1-E-0085	a3c37591-b400-49dd-95f2-8abaa452f406	2
DS1-E-0085	c04eadea-c43d-406a-87f2-67ee9162eae5	2
DS1-E-0086	26cd5eb3-cb42-48a1-9ddb-5cd6f590d04f	0
DS1-E-0086	9aa7d562-3d5b-4a93-a90c-94751a54402f	0
DS1-E-0086	fd873708-7901-4f17-899b-fc84ffc3fd8c	0
DS1-E-0088	06cc42df-244a-47ff-8d30-50c1074ee8a0	0
DS1-E-0088	6f61cf1a-ec44-49a3-8e00-c6123d7389ee	0
DS1-E-0088	a78412b2-0c57-44b4-8deb-1d923a07f6b3	0
DS1-E-0089	1ce797f0-d78f-4580-beec-20b9dbd9951c	0
DS1-E-0089	77ea57ef-eccc-428a-92c0-eb7fb62f6891	0
DS1-E-0089	fd4119c8-657a-4de4-ba54-ba2c2b68f1f5	0
DS1-E-0090	1f015e97-07a2-4152-91c7-898fc8ab9fbf	0
DS1-E-0090	2e825716-cb25-4f52-a5a7-5be740f35c05	0
DS1-E-0090	a7a2827d-7a78-4d1d-ab85-0ffdf255b81b	0
DS1-E-0090	ab2f7d9e-34cd-4bd6-94a9-5835c3cf8ec6	0
DS1-E-0090	bf9363fd-f6e0-4879-853c-788e3191218a	0
DS1-E-0090	ff1e0305-81bd-4328-a71e-67c587d74873	2
DS1-E-0091	2b563bf4-d4a0-41a8-956c-3633f8087b14	0
DS1-E-0091	f2405018-39aa-407f-8b43-b3bb3fffa82a	0
DS1-E-0093	16520fc0-f544-4775-9acf-ff900dc3e8af	0
DS1-E-0093	4d45babb-1059-4f67-86ff-a2c0d87dbf53	0
DS1-E-0093	638d3bba-102b-4527-ace2-87e6e1554ad0	0
DS1-E-0093	ac8a761c-0a23-4707-8b6b-41fa22774a49	0
DS1-E-0093	f246991b-95f8-4f45-96d8-2bb27beab719	0
DS1-E-0093	f359e457-7d8c-46ee-876a-abb5340e1168	0
DS1-E-0095	1831eade-fa82-4e61-b410-d9af4a8cd766	0
DS1-E-0096	0dee8750-6d20-40c9-8f8b-df8129bdfe74	0
DS1-E-0096	2eb8c548-bdf5-4865-a484-2ee30f7e7b8f	0
DS1-E-0096	4a63c6a9-ec2a-4137-a45d-f617106ef516	0
DS1-E-0096	54261d88-180f-4e68-b4ce-465204e8bd09	0
DS1-E-0096	6d368348-436e-4da9-8326-99a62cf684fa	0
DS1-E-0096	74b0cfec-2ef5-49b6-87a3-f7a3a49a42e7	0
DS1-E-0096	c5a4584c-c100-4cd2-a42e-06c5ce04c565	0
DS1-E-0096	d5adf5f3-3960-4348-8bae-a9460dbb63d7	0
